1,中国军网,老兵泪奔：这是我妈做的！...,626.0 万,10.0 万,8.7 万,2019-02-11 21:39:56.751407
2,何炅,拜年拜年,489.4 万,7.8 万,9428,2019-02-11 21:39:56.752397
3,潘长江,初来乍到！不是太懂！谢谢...,416.5 万,11.3 万,1.8 万,2019-02-11 21:39:56.752397
4,MONC,3,334.4 万,8.8 万,15.6 万,2019-02-11 21:39:56.752397
5,人民日报,习近平看望慰问国旗中队官...,302.3 万,5.0 万,4.2 万,2019-02-11 21:39:56.752397
6,回到过去,这禁放烟花把我给逼的,301.6 万,8.5 万,17.8 万,2019-02-11 21:39:56.752397
7,成都大熊猫繁育研究基地,醒醒吧！您的假期余额不足...,300.0 万,6.1 万,12.4 万,2019-02-11 21:39:56.752397
8,马可馨,为什么泰国街头魔术师一千...,296.4 万,5.9 万,2.5 万,2019-02-11 21:39:56.752397
9,皮皮虾APP,#皮这一下有几分 #情感...,294.2 万,8.4 万,9.0 万,2019-02-11 21:39:56.752397
10,杭州交通918,1200多万的迈巴赫倒车...,291.0 万,10.0 万,9.2 万,2019-02-11 21:39:56.752397
11,钢铁侠的发小Mr X,听说过年再发这个可以火，...,288.8 万,6.2 万,12.2 万,2019-02-11 21:40:04.451667
12,不驯男人王鑫,刚刚的事，看一次笑一次，...,288.8 万,8.6 万,18.6 万,2019-02-11 21:40:04.451667
13,环球网,温馨一幕！小女孩对礼让小...,287.2 万,6.5 万,3.1 万,2019-02-11 21:40:04.451667
14,尼格买提,满足大家对春晚主持人的要...,285.5 万,6.2 万,11.2 万,2019-02-11 21:40:04.451667
15,孝城特警,元宵将至，请文明燃放烟花...,283.9 万,4.7 万,8.5 万,2019-02-11 21:40:04.451667
16,王鹏宇在努力,好久没有这样被盘盘盘盘过...,280.7 万,5.9 万,4.2 万,2019-02-11 21:40:04.451667
17,小豪,秘密基地2来了，希望你们...,280.4 万,5.6 万,4.8 万,2019-02-11 21:40:04.451667
18,CGTN,#迪丽热巴抢镜CGTN记...,279.5 万,3.3 万,1.6 万,2019-02-11 21:40:04.451667
19,李子园..,决定把你还回人海的那刻起...,275.5 万,6.3 万,7.2 万,2019-02-11 21:40:04.451667
20,富贵花开_251344305,看到的财运亨通希望你看到,274.5 万,7.7 万,11.8 万,2019-02-11 21:40:04.451667
21,名侦探小宇,公众场所饮品不要离手，特...,273.0 万,6.0 万,15.4 万,2019-02-11 21:40:12.685856
22,名侦探小宇,女生独自出门遇到需要帮助...,272.4 万,5.6 万,15.4 万,2019-02-11 21:40:12.685856
23,途路人,送一颗心给你们 希望新的...,271.8 万,6.3 万,13.2 万,2019-02-11 21:40:12.685856
24,陈翔六点半,老板的这种要求，你能理解...,269.5 万,3.8 万,8.4 万,2019-02-11 21:40:12.685856
25,阿仟,摆了两天的作品，就为了祝...,268.4 万,8.1 万,10.6 万,2019-02-11 21:40:12.685856
26,大车小车,#烟花 现在的烟花越来越...,266.7 万,4.8 万,8.0 万,2019-02-11 21:40:12.685856
27,柯铭,让熊孩子承认错误的方法有...,263.0 万,6.3 万,13.0 万,2019-02-11 21:40:12.685856
28,未知数.x,网恋+异地恋3292天，...,262.6 万,9.7 万,13.2 万,2019-02-11 21:40:12.685856
29,涮羊肉14,2019，再多烦恼，也要...,262.3 万,6.8 万,9.4 万,2019-02-11 21:40:12.685856
30,无,@无发了一个抖音短视频，...,261.5 万,7.0 万,4.4 万,2019-02-11 21:40:12.685856
31,强 ,好看的皮囊千篇一律，@...,261.2 万,6.1 万,3.2 万,2019-02-11 21:40:21.070186
32,徐子洋a,第1314次发了,260.7 万,5.6 万,4.5 万,2019-02-11 21:40:21.070186
33,鼎达养殖基地,基地旺财要生了，接到通知...,259.5 万,7.3 万,14.9 万,2019-02-11 21:40:21.070186
34,李雨霏2007,砰砰砰！,258.9 万,4.7 万,10.8 万,2019-02-11 21:40:21.070186
35,颜人中,聽說大陸比較流行這首歌~...,257.1 万,4.4 万,9.9 万,2019-02-11 21:40:21.070186
36,美丽人生,没有想到，初二到妈妈家，...,255.6 万,6.6 万,9.0 万,2019-02-11 21:40:21.070186
37,迟  骋  虎虎龙虾,老妈第一次尝试大姑夫的吃...,255.4 万,7.2 万,15.9 万,2019-02-11 21:40:21.070186
38,那伤龘真痛,你再脆弱再不堪一击，但是...,252.5 万,8.3 万,12.3 万,2019-02-11 21:40:21.070186
39,欢子,@欢子 发了一个抖音短视...,252.4 万,8.4 万,3.2 万,2019-02-11 21:40:21.070186
40,西木西木,"今天又是音乐课,我的老师...",252.1 万,2.8 万,7.8 万,2019-02-11 21:40:21.070186
41,一只小魔兽,#女生生气时 #每帧都是...,251.2 万,7.2 万,19.2 万,2019-02-11 21:40:28.905159
42,゛理想三旬,仿佛看到了一片星河,251.2 万,5.8 万,10.3 万,2019-02-11 21:40:28.905159
43,狮子座的先森,取你是我一生的梦想，终于...,251.0 万,6.1 万,6.6 万,2019-02-11 21:40:28.905159
44,亦成（高能舞团）,今天去街拍啦 一下子就围...,250.4 万,7.5 万,2.0 万,2019-02-11 21:40:28.905159
45,夏V艺,兄dei，我们秋名山见！,249.2 万,3.5 万,3.9 万,2019-02-11 21:40:28.905159
46,警界君,没有露脸的警察，要不要点...,247.0 万,6.4 万,2761,2019-02-11 21:40:28.905159
47,阎王高兴得很       ,2019暴富#暴富暴富...,246.9 万,8.3 万,20.7 万,2019-02-11 21:40:28.905159
48,哥只是个传说,@抖音小助手 你们上班了...,245.5 万,5.7 万,11.5 万,2019-02-11 21:40:28.905159
49,東方戰,老婆玩得挺嗨！我、岳父、...,245.1 万,5.8 万,7.5 万,2019-02-11 21:40:28.920850
50,武悦,#亲妈鉴定 爸，我是帮你...,243.4 万,2.7 万,3.9 万,2019-02-11 21:40:28.920850
51,张十八,长不大的孩子总是欢乐多，...,241.4 万,4.0 万,8.4 万,2019-02-11 21:40:36.600088
52,皮皮虾APP,#皮这一下有几分 #搞笑...,240.4 万,3.1 万,9.9 万,2019-02-11 21:40:36.600088
53,张大仙,这才是爱情最好的模样！,239.3 万,5.8 万,16.0 万,2019-02-11 21:40:36.601088
54,恋爱圈,#爱情 中，想要自由的前...,238.9 万,7.6 万,15.9 万,2019-02-11 21:40:36.601088
55,小松龙虾,皮皮虾现场版～,238.5 万,6.6 万,13.9 万,2019-02-11 21:40:36.601088
56,滇小消,真实版《保持通话》……别...,238.1 万,6.5 万,1.3 万,2019-02-11 21:40:36.601088
57,balayage巴黎画染,,237.4 万,5.6 万,2.0 万,2019-02-11 21:40:36.602089
58,熙帝,#我的年味故事 #抖音小...,237.1 万,4.6 万,8.4 万,2019-02-11 21:40:36.602089
59,嘉杰本人,不难受不难受 哈哈哈哈正...,236.9 万,6.6 万,6.0 万,2019-02-11 21:40:36.602089
60,喵小兔漫画（画师七七）,你永远不知道 你的话，从...,235.5 万,3.2 万,8.1 万,2019-02-11 21:40:36.602089
61,国际脏,小孩子不可以凶妈妈 不然...,234.4 万,6.0 万,10.9 万,2019-02-11 21:40:44.256774
62,M,初二带媳妇回娘家，终于找...,233.2 万,6.0 万,6.3 万,2019-02-11 21:40:44.256774
63,张大仙,不看手机答得上来吗？,232.2 万,10.8 万,8.9 万,2019-02-11 21:40:44.256774
64,Jor,你为什么不老！@抖音小助...,231.5 万,4.2 万,1.9 万,2019-02-11 21:40:44.256774
65,杨玉环,人丑路子野@抖音小助手 ...,231.4 万,5.7 万,2.5 万,2019-02-11 21:40:44.256774
66,钱小公子,爷爷奶奶快看我又上电视啦...,230.9 万,3.4 万,3619,2019-02-11 21:40:44.256774
67,守护-永恒,史上最悲催的乔治,230.5 万,5.6 万,12.1 万,2019-02-11 21:40:44.256774
68,啊小头,它撩我,230.4 万,3.9 万,4.7 万,2019-02-11 21:40:44.256774
69,地里热吧^_^,这坑挖的！防不胜防啊,229.4 万,4.7 万,10.0 万,2019-02-11 21:40:44.256774
70,花一村,18年风靡过全抖音的那些...,227.5 万,3.9 万,5.9 万,2019-02-11 21:40:44.256774
71,小羊羔,哈哈停电了,227.1 万,7.5 万,11.7 万,2019-02-11 21:40:51.854199
72,雅雯,女孩子出门住酒店的正确方...,226.7 万,4.4 万,12.3 万,2019-02-11 21:40:51.854199
73,雀跃小葫芦,一脸懵圈的小姐姐～好嗨哟...,225.6 万,5.2 万,4.1 万,2019-02-11 21:40:51.854199
74,江 小 白,我学会画猪啦,225.6 万,4.6 万,9.5 万,2019-02-11 21:40:51.854199
75,兰研lanyan,过年啦！谢谢阿姨这一年照...,225.5 万,6.4 万,1.1 万,2019-02-11 21:40:51.854199
76,小妖精,外婆128岁大寿，愿看到...,225.3 万,7.2 万,7666,2019-02-11 21:40:51.854199
77,张大胆不大胆,第二遍才火 @抖音小助...,225.0 万,4.1 万,7.0 万,2019-02-11 21:40:51.854199
78,人民日报,今天把特别的祝福送给为国...,224.4 万,8.1 万,7.7 万,2019-02-11 21:40:51.854199
79,娱乐啵爷,#迪丽热巴 感叹人生#...,222.9 万,2.0 万,1.2 万,2019-02-11 21:40:51.854199
80,NicoleTrip妮可旅行,台北街头艺人，看完之后大...,222.8 万,4.4 万,2.3 万,2019-02-11 21:40:51.854199
81,-    猪七岁呀,我爸开车  把我妈忘服务...,222.7 万,3.8 万,8724,2019-02-11 21:41:00.551013
82,PUSHPUSH,媳妇说从抖音上学到了新年...,220.5 万,2.1 万,1.6 万,2019-02-11 21:41:00.551013
83,半抹笑颜、,快给它逗成二傻子了 ...,220.3 万,11.5 万,14.9 万,2019-02-11 21:41:00.551013
84,Myou.,#2019好运2019加...,218.0 万,5.7 万,11.6 万,2019-02-11 21:41:00.551013
85,祝晓晗,爸，你这样真的好吗@老丈...,218.0 万,5.5 万,8.4 万,2019-02-11 21:41:00.551013
86,小东方°C,爹带娃，活着就好！,217.5 万,5.6 万,8.2 万,2019-02-11 21:41:00.551013
87,习惯了这样,再来一次！！！,217.1 万,5.6 万,3.2 万,2019-02-11 21:41:00.551013
88,Yz娴儿.,#我的年味故事 1000...,215.5 万,4.3 万,6.8 万,2019-02-11 21:41:00.551013
89,黄妤媄,三个哥，每个哥两个孩子，...,213.8 万,6.4 万,2.0 万,2019-02-11 21:41:00.551013
90,内蒙古公安宣传,大过年滴，好好开车，蜀黍...,213.3 万,5.9 万,8.1 万,2019-02-11 21:41:00.551013
91,希尔薇小哥哥,开门碰到一电梯的财神爷,208.9 万,7.1 万,2.6 万,2019-02-11 21:41:08.771371
92,真心英雄,猪年一到过新年，家家放炮...,207.5 万,4.8 万,10.7 万,2019-02-11 21:41:08.771371
93,嗯哼。,别以为戴个假发我就不认识...,205.1 万,3.4 万,2.5 万,2019-02-11 21:41:08.771371
94,Feel           ,他很喜欢吃甘蔗本想拍他不...,205.1 万,4.9 万,7490,2019-02-11 21:41:08.771371
95,BUBU,听她敲门赶紧打开了照相机...,204.9 万,3.3 万,2.2 万,2019-02-11 21:41:08.771371
96,papi酱,唉？怎么又是你在刷抖音？,203.8 万,3.7 万,9693,2019-02-11 21:41:08.771371
97,罗伟明,自从告诉爸爸我的车就几万...,201.1 万,4.6 万,3.9 万,2019-02-11 21:41:08.786999
98,杨玉环,我这个人是真的嫉恶如仇#...,201.1 万,8.9 万,1.0 万,2019-02-11 21:41:08.786999
99,张大仙,作为一个过来人，别说我没...,200.6 万,3.3 万,5.7 万,2019-02-11 21:41:08.786999
100,尧尧很爱笑,如果“正月不能剪头”不是...,200.4 万,3.4 万,6.2 万,2019-02-11 21:41:08.786999
101,木子李李,如何判断一个人是否在跟踪...,199.6 万,2.5 万,1.5 万,2019-02-11 21:41:16.661948
102,娱乐现场,国外做手术期间母亲转移了...,199.5 万,5.1 万,2335,2019-02-11 21:41:16.661948
103,浙有正能量,三个月大的宝宝从柜台上突...,197.4 万,2.7 万,4237,2019-02-11 21:41:16.661948
104,隔壁小孩,甭管我在哪，你看这灯，多...,197.1 万,5.1 万,8.4 万,2019-02-11 21:41:16.661948
105,王小弦,老妈果然信守承诺，只字未...,197.1 万,2.0 万,3.1 万,2019-02-11 21:41:16.661948
106,嘚吧嗖,心碎的声音,196.8 万,2.4 万,10.5 万,2019-02-11 21:41:16.662949
107,小警文哥,过年期间“催婚大团”来袭...,196.3 万,10.0 万,8.2 万,2019-02-11 21:41:16.662949
108,我的世界,狗肉顿兔子吃过的举手报...,195.9 万,4.7 万,7.3 万,2019-02-11 21:41:16.662949
109,妞宝,偷偷开车带宝回到苏北看老...,195.8 万,6.0 万,4073,2019-02-11 21:41:16.662949
110,噗噗和撅撅,听说你们都特别爱看它转圈...,195.1 万,4.4 万,5.7 万,2019-02-11 21:41:16.662949
111,Cancer就是我,姐弟情谊从此恩断义绝 这...,194.7 万,4.8 万,3.1 万,2019-02-11 21:41:25.297442
112,小眼睛米爸爸（有关必回）,初二跑个滴滴，竟然接到前...,193.7 万,6.4 万,1.9 万,2019-02-11 21:41:25.297442
113,多余和毛毛姐,回去就立马给你们跟新视频...,192.2 万,7.6 万,2.5 万,2019-02-11 21:41:25.297442
114,周星驰导演作品,永远不要小看群众演员的“...,192.2 万,1.3 万,4465,2019-02-11 21:41:25.297442
115,东东b,听说发第二遍会火，旋风陀...,191.7 万,3.4 万,7.6 万,2019-02-11 21:41:25.297442
116,酋长,都是黑白的，我觉得还是彩...,191.1 万,4.7 万,5.4 万,2019-02-11 21:41:25.298442
117,妙公子是个妞,你们的女神男神回家了！@...,190.8 万,1.2 万,7781,2019-02-11 21:41:25.298442
118,于和伟,“年”转眼就要过完了…新...,190.4 万,3.4 万,1.9 万,2019-02-11 21:41:25.298442
119,西木西木,噢耶！下节音乐课由我来上,189.4 万,1.4 万,3.4 万,2019-02-11 21:41:25.298442
120,477-,就在一起不分离,188.0 万,2.0 万,1.9 万,2019-02-11 21:41:25.298442
121,刺激战场 大喵Cat（职业选手）,当你在堵桥的时候你永远不...,187.9 万,3.0 万,7.6 万,2019-02-11 21:41:34.302323
122,陈翔六点半,@陈翔六点半发了一个抖音...,187.5 万,2.3 万,3.5 万,2019-02-11 21:41:34.302323
123,陈家小姐姐,100岁的外婆，一生养育...,187.5 万,4.5 万,1.0 万,2019-02-11 21:41:34.302323
124,煤炭哥,茄子最有创意的做法，鲜嫩...,186.8 万,3.0 万,15.2 万,2019-02-11 21:41:34.302323
125,郑印灏Yinhoo,糟糕！这是心动的感觉...,186.1 万,2.1 万,8656,2019-02-11 21:41:34.302323
126,多余和毛毛姐,如果过年都说实话，你想说...,186.0 万,2.8 万,6.0 万,2019-02-11 21:41:34.302323
127,小丑,走吗？约吗？滑雪切……#...,185.6 万,5.5 万,3.3 万,2019-02-11 21:41:34.302323
128,刘宇,          ...,185.6 万,2.8 万,3.3 万,2019-02-11 21:41:34.302323
129,你的盖世英雄！,连夜奔袭1700公里，开...,185.4 万,4.8 万,4360,2019-02-11 21:41:34.302323
130,Workout小伟,看看这小伙是怎么过河的！,184.9 万,4.3 万,1.2 万,2019-02-11 21:41:34.302323
131,啊闯的人生,过年了过年了，祝大家新年...,184.5 万,4.1 万,1.1 万,2019-02-11 21:41:42.316142
132,支付宝,来了，锦鲤！点个赞，这些...,184.1 万,16.2 万,8.3 万,2019-02-11 21:41:42.316142
133,绘小君,假如男生有主见的话。。。...,183.8 万,5.5 万,13.6 万,2019-02-11 21:41:42.316142
134,惠子,貌似我弟不太能接受我露西...,183.5 万,2.3 万,2.2 万,2019-02-11 21:41:42.316142
135,摄影师孙导,今天老板娘出来了……,183.3 万,4.5 万,2.8 万,2019-02-11 21:41:42.316142
136,韩饭饭,@王小弦 @小弦欧爸欧妈,182.4 万,2.4 万,1.8 万,2019-02-11 21:41:42.316142
137,你真的很烦,再发一遍,182.3 万,4.1 万,4.3 万,2019-02-11 21:41:42.316142
138,柯斩仙,我也想你了@Ruruuu...,181.9 万,5.7 万,4.8 万,2019-02-11 21:41:42.316142
139,℡ Corpse、胖虎,一个人过春节也可以很浪漫...,181.6 万,5.0 万,12.9 万,2019-02-11 21:41:42.316142
140,哈K,猜猜给哈K包了多少压岁钱...,181.4 万,2.6 万,3.8 万,2019-02-11 21:41:42.316142
141,i_zzzy,桶哥，我来救你啦！赶紧心...,181.3 万,2.9 万,2.8 万,2019-02-11 21:41:50.353596
142,张嘉琪的搞笑一家人,看到我妈的表情我都有点不...,180.9 万,4.7 万,7.0 万,2019-02-11 21:41:50.353596
143,祝晓晗,年轻人，一定要稳重！@老...,180.4 万,1.3 万,2956,2019-02-11 21:41:50.353596
144,唐唐,看完红包的吐槽与悲伤，突...,180.3 万,2.4 万,2.5 万,2019-02-11 21:41:50.353596
145,AG超玩会梦泪,#王者荣耀 #假期游戏日...,179.8 万,2.8 万,1.2 万,2019-02-11 21:41:50.353596
146,比格费西,哈喽 西双版纳,179.0 万,5.7 万,2.9 万,2019-02-11 21:41:50.353596
147,好吃恐龙哥,岳云鹏说的没错，划重点，...,178.2 万,4.1 万,7.6 万,2019-02-11 21:41:50.353596
148,许愿,这表演是真的厉害，感觉好...,177.8 万,4.8 万,2.7 万,2019-02-11 21:41:50.353596
149,西木西木,老师放大招了 我该怎么接,177.7 万,1.3 万,2.9 万,2019-02-11 21:41:50.353596
150,Extraterrestrial,嗯，两个弟弟一个妹妹抛下...,177.5 万,1.2 万,5880,2019-02-11 21:41:50.353596
151,这就是爱豆,#杨幂 #邓紫棋 #陈伟...,177.3 万,5792,5460,2019-02-11 21:41:57.901776
152,大脸哥,拜个年不容易啊！,176.6 万,6.9 万,9.8 万,2019-02-11 21:41:57.901776
153,唐唐,笑死了！过年陪熊孩子看奥...,176.4 万,2.2 万,4.0 万,2019-02-11 21:41:57.901776
154,小雨,你们鼓捣老公的时候他会急...,176.3 万,4.5 万,6.6 万,2019-02-11 21:41:57.901776
155,Yuki雪雪,要做今年第一个夸你的人！,176.0 万,3.5 万,9750,2019-02-11 21:41:57.901776
156,婕妤,#笑成大头鬼   后面的...,175.6 万,1.5 万,3.8 万,2019-02-11 21:41:57.901776
157,知北家居,地震来临，饭馆老板第一时...,175.2 万,3.6 万,8710,2019-02-11 21:41:57.901776
158,papi酱,#过年七天的妈妈,174.9 万,1.4 万,3.5 万,2019-02-11 21:41:57.901776
159,会说话的刘二豆,带着我的“小棉袄”和“小...,174.9 万,3.2 万,1.1 万,2019-02-11 21:41:57.901776
160,老丈人说车,#拜年 祝愿看到这条视频...,174.8 万,1.9 万,2.5 万,2019-02-11 21:41:57.901776
161,大树君,“世上只有母亲会一直包容...,174.8 万,3.2 万,2.6 万,2019-02-11 21:42:06.512726
162,嗨了个森,希望以后的日子，抬头遇见...,173.9 万,4.5 万,12.3 万,2019-02-11 21:42:06.512726
163,小明与婷姐,行呀！还学会和老丈人告状...,173.8 万,4.8 万,3.4 万,2019-02-11 21:42:06.512726
164,肖豪,我像个自闭患者自我拉扯,173.8 万,5.8 万,9.7 万,2019-02-11 21:42:06.512726
165,斜杠女青年,学会了、以后就这么宠爱我...,173.3 万,10.2 万,8.0 万,2019-02-11 21:42:06.512726
166,扒圈圈,不管你多红，也逃不过走亲...,173.1 万,2.0 万,1.3 万,2019-02-11 21:42:06.512726
167,名侦探小宇,女生发现被尾随不要惊慌，...,173.0 万,1.7 万,3.8 万,2019-02-11 21:42:06.512726
168,草莓鸭,#动态壁纸 @抖音小助手...,172.9 万,6.3 万,13.4 万,2019-02-11 21:42:06.512726
169,玲玲,离家出个走，行李也欺负我...,172.7 万,4.7 万,6.7 万,2019-02-11 21:42:06.512726
170,唐唐,过节要相亲？这视频像极了...,172.6 万,2.6 万,11.1 万,2019-02-11 21:42:06.512726
171,麻辣德子,家庭版油焖大虾教程，感谢,172.5 万,3.1 万,8.2 万,2019-02-11 21:42:14.630509
172,多喝水,1000大洋，还有6个外...,172.4 万,4.9 万,12.1 万,2019-02-11 21:42:14.630509
173,曼洛奇科技,科技改变未来。#机器人 ...,172.2 万,5.3 万,4.5 万,2019-02-11 21:42:14.630509
174,小云哥_,#吃鸡 这甩尾绝了我的天,172.0 万,2.6 万,5.8 万,2019-02-11 21:42:14.630509
175,朱增辉,这是我小时候的梦想：家有...,172.0 万,4.7 万,1.8 万,2019-02-11 21:42:14.630509
176,小鲍很努力,我又来了@抖音小助手,171.8 万,3.1 万,7815,2019-02-11 21:42:14.630509
177,郭 聪 明,#你的新年猪猪女孩 哇咔...,171.5 万,4.8 万,4.2 万,2019-02-11 21:42:14.630509
178,说俄语de狗二舅,#生活的美好回忆 桂林2...,171.5 万,1.3 万,9492,2019-02-11 21:42:14.630509
179,小晨哥呐     ,过年你玩了吗？？？,171.3 万,3.2 万,7.0 万,2019-02-11 21:42:14.630509
180,书愉豆豆,昨天随手一画又上热门了，...,171.2 万,2.3 万,1.3 万,2019-02-11 21:42:14.630509
181,婷好,以为是新郎新娘呢原来是父...,170.9 万,3.8 万,9334,2019-02-11 21:42:22.413624
182,DZL东方帅,我也不知道练了多少块豆腐...,170.9 万,3.6 万,1.4 万,2019-02-11 21:42:22.413624
183,从南走到北。,为什么努力 因为我喜欢的...,170.8 万,3.7 万,3.0 万,2019-02-11 21:42:22.413624
184,薇妮Sama,明天起来火了的话就给他买...,170.6 万,3.7 万,6.9 万,2019-02-11 21:42:22.413624
185,人民网,习近平总书记给大家拜年啦...,170.6 万,6.8 万,24.0 万,2019-02-11 21:42:22.413624
186,乃提Guli,#2019春晚看我的 明...,170.4 万,7979,8642,2019-02-11 21:42:22.413624
187,美少女小惠,新的一年给我家宝宝们拜年...,170.2 万,2.6 万,4660,2019-02-11 21:42:22.413624
188,你好哇塞,大过年和老公吵架，没想到...,170.1 万,6.3 万,4.5 万,2019-02-11 21:42:22.413624
189,爆胎儿,祝大家新年好啊~,169.6 万,1.4 万,1.8 万,2019-02-11 21:42:22.413624
190,郭小胖,生活需要仪式感@太平...,169.5 万,4.5 万,4.9 万,2019-02-11 21:42:22.413624
191,彭十六elf,新年快乐吖这个神仙滤镜...,169.3 万,1.8 万,7.5 万,2019-02-11 21:42:30.761250
192,圆圆,#十年挑战 十年前vs十...,169.1 万,3.0 万,2.9 万,2019-02-11 21:42:30.761250
193,黑人女婿伊博,你好小姨子！看不见我吗？...,168.9 万,1.4 万,1.0 万,2019-02-11 21:42:30.761250
194,GXX,今天吃馄饨遇见的。#美团,168.8 万,4.1 万,4.5 万,2019-02-11 21:42:30.761250
195,胡小绿,终于要火了，闭上左眼3D...,168.8 万,4.0 万,2.3 万,2019-02-11 21:42:30.761250
196,门生-,好看的皮囊千篇一律，@门...,167.7 万,5.1 万,7.8 万,2019-02-11 21:42:30.762252
197,papi酱,一个红包的流浪,167.2 万,1.3 万,1.4 万,2019-02-11 21:42:30.762252
198,吃不胖娘,男生掏钱的那一刻，像极了...,167.1 万,2.7 万,1.3 万,2019-02-11 21:42:30.762252
199,吃货汪@招财,馒头，今年最火的馒头了...,166.9 万,3.6 万,15.0 万,2019-02-11 21:42:30.762252
200,新知,网上有人笑话我对钱没兴趣...,164.7 万,3.9 万,10.1 万,2019-02-11 21:42:30.762252
201,红楼青衫,太酷了吧,163.6 万,5.7 万,5.0 万,2019-02-11 21:42:38.507353
202,TianYeeee_,我怎么有你洗澡的视频呢,163.6 万,7.2 万,20.0 万,2019-02-11 21:42:38.507353
203,胖胖,把小孩子吓哭了 大叔充满...,163.5 万,2.3 万,2242,2019-02-11 21:42:38.507353
204,文杰本人,我立志要成为校园猜歌第一...,163.5 万,9047,2.3 万,2019-02-11 21:42:38.507353
205,Yusheng,愿你三冬暖，愿你春不寒 ...,163.2 万,4.3 万,4.6 万,2019-02-11 21:42:38.507353
206,H,还记得上次牵他的手是什么...,161.9 万,6.3 万,10.8 万,2019-02-11 21:42:38.507353
207,.羊羊羊,婚礼倒计时还有44天...,161.5 万,8.1 万,5.1 万,2019-02-11 21:42:38.507353
208,G冷珺,在菜地了蹲了一会，隔壁村...,161.1 万,3.5 万,1.8 万,2019-02-11 21:42:38.507353
209,通哥,大年初一给长辈拜年了，磕...,160.9 万,4.8 万,2.9 万,2019-02-11 21:42:38.507353
210,韩韩,感谢你把我捡回来养大，没...,160.4 万,5.7 万,1834,2019-02-11 21:42:38.507353
211,黑妞Key Hung-,誰還不會撩一下，哼,160.4 万,4.8 万,3.7 万,2019-02-11 21:42:46.704863
212,嘉杰本人,反正他都不难受,160.3 万,3.1 万,3.5 万,2019-02-11 21:42:46.704863
213,。168的小姐姐,@。168的小姐姐的这个...,159.9 万,4.2 万,2.2 万,2019-02-11 21:42:46.704863
214,多余和毛毛姐,大年初五迎财神了，祝大家...,159.9 万,1.4 万,5934,2019-02-11 21:42:46.704863
215,猪头哼哈嘿,#岳云鹏 :如果有一天德...,159.7 万,7549,1.1 万,2019-02-11 21:42:46.704863
216,爽歪歪,这裤子质量得多好呀，万一...,159.2 万,2.8 万,1.3 万,2019-02-11 21:42:46.704863
217,痛痛痛,大家好 我会笑,158.9 万,4.4 万,6.2 万,2019-02-11 21:42:46.704863
218,绝地求生-小哪吒,哪位大神告诉我他是什么时...,158.6 万,4.0 万,4.0 万,2019-02-11 21:42:46.704863
219,陈三废gg,姐 我说的对吧,158.1 万,1.9 万,9333,2019-02-11 21:42:46.704863
220,顺意,@顺意发了一个抖音短视频...,157.6 万,5.5 万,8.6 万,2019-02-11 21:42:46.704863
221,杜业文,猪年大吉，新年快乐,157.0 万,2.1 万,2787,2019-02-11 21:42:54.378087
222,内双无双,#闺蜜 生存法则——遇弱...,156.9 万,2.1 万,1.3 万,2019-02-11 21:42:54.378087
223,厨娘小木（美食）,正月家里来客人了这样做，...,156.3 万,2.0 万,18.0 万,2019-02-11 21:42:54.378087
224,亦军（高能舞团）,#来福州dou有福 66...,156.2 万,2.2 万,1.5 万,2019-02-11 21:42:54.378087
225,彭十六elf,身材100分和脸100分...,156.0 万,4.7 万,1.2 万,2019-02-11 21:42:54.378087
226,hfw3,#鲸跃 top 1,155.7 万,3.9 万,5992,2019-02-11 21:42:54.378087
227,霍达传媒,超感人的父亲讲话,155.7 万,4.1 万,7.3 万,2019-02-11 21:42:54.378087
228,泺熙Nicolas,我媳妇把我爸当财神了，哈...,155.4 万,1.8 万,2006,2019-02-11 21:42:54.378087
229,Arrietty,#养生泡澡 泡个彩虹澡～...,155.1 万,2.7 万,3.0 万,2019-02-11 21:42:54.378087
230,Yang,#山西晋城 妈妈两屁股怼...,154.7 万,2.6 万,2.8 万,2019-02-11 21:42:54.378087
231,郭 聪 明,请全天下最好看的小哥哥小...,154.0 万,3.8 万,5359,2019-02-11 21:43:02.919411
232,财貌双全,心脏支架,153.4 万,3.7 万,7.2 万,2019-02-11 21:43:02.919411
233,皮皮虾APP,#皮皮虾今日好笑 #搞笑...,153.2 万,2.3 万,1.6 万,2019-02-11 21:43:02.919411
234,央央,假装会也得各种都到位啊！...,153.1 万,2.1 万,3.0 万,2019-02-11 21:43:02.919411
235,刺激战场 IF7,吃鸡的一百种死法之一.....,151.8 万,4.1 万,5.7 万,2019-02-11 21:43:02.919411
236,大胃王小鹿,挑战20000毫升巨无霸...,151.4 万,1.1 万,1.2 万,2019-02-11 21:43:02.919411
237,人品如牌品,猫咪给大家拜年，祝大家...,149.9 万,2.0 万,2.5 万,2019-02-11 21:43:02.919411
238,小辣椒,你们喜欢哪样的我,149.2 万,3.5 万,1.5 万,2019-02-11 21:43:02.919411
239,超皮优酷君,被赵四耐克嘴彻底迷住#...,148.8 万,3.2 万,11.2 万,2019-02-11 21:43:02.919411
240,我是你的小可爱．,要不要挑战一下全网最穷秘...,148.7 万,2.4 万,1.4 万,2019-02-11 21:43:02.919411
241,怪了个兽,请艾特出你身边如此优秀的...,148.5 万,2.8 万,4937,2019-02-11 21:43:11.506220
242,笑容太野,我爷爷厉害吧，百发百中，...,148.2 万,4.0 万,5095,2019-02-11 21:43:11.506220
243,喜珍礼,你有没有很想     和...,148.0 万,3.5 万,7509,2019-02-11 21:43:11.506220
244,Sunlike,已经数不清楚有多少年都是...,146.9 万,3.2 万,2.8 万,2019-02-11 21:43:11.506220
245,这个王小夭,你结婚了没？,146.5 万,2.7 万,1.2 万,2019-02-11 21:43:11.506220
246,恩,财神来到我家门！刷到的都...,146.2 万,6.0 万,2.9 万,2019-02-11 21:43:11.521845
247,娱社长,经典影视片段（十六）即使...,145.5 万,3.3 万,4.5 万,2019-02-11 21:43:11.521845
248,尤男,可爱吗,144.6 万,4.0 万,7.2 万,2019-02-11 21:43:11.521845
249,小飞侠,,143.7 万,3.6 万,3847,2019-02-11 21:43:11.521845
250,小莓凉心,大过年的！最好不要随便在...,143.6 万,8184,5264,2019-02-11 21:43:11.521845
251,肥佬4XL,像极了爱情，是么？,143.2 万,4.1 万,7058,2019-02-11 21:43:19.708490
252,哈西美食,早餐这样做 一辈子吃不够,142.9 万,1.3 万,6.0 万,2019-02-11 21:43:19.708490
253,热心市民橙先生,还有什么问题想问的？,142.3 万,2.4 万,1.9 万,2019-02-11 21:43:19.708490
254,MenGhiro,外面纷纷扰扰～,141.5 万,2.2 万,2.6 万,2019-02-11 21:43:19.708490
255,西木西木,老师最后出难题 但我依然...,141.5 万,9999,1.4 万,2019-02-11 21:43:19.708490
256,潘长江,我才知道沉鱼落雁，闭月羞...,141.2 万,7.6 万,4.1 万,2019-02-11 21:43:19.708490
257,瓷娃娃,94年，被催得不要不要#...,140.6 万,4.5 万,1.1 万,2019-02-11 21:43:19.709491
258,音乐少年,你放手时，像极了爱情#...,140.6 万,1.1 万,1.6 万,2019-02-11 21:43:19.709491
259,爱笑的小成哥,初一拜年！我们正常交流一...,140.6 万,2.1 万,3.3 万,2019-02-11 21:43:19.709491
260,萱姐,一个是我老爸一个是老妈，...,140.4 万,6.4 万,3178,2019-02-11 21:43:19.709491
261,阿格石布,一刷到@阿格石布的抖音就...,140.2 万,3.1 万,2.0 万,2019-02-11 21:43:27.368559
262,辰,天下武功唯快不破，《霍元...,139.8 万,6.4 万,2.7 万,2019-02-11 21:43:27.368559
263,单那森服饰官方号,恭喜恭喜，,139.7 万,6.3 万,1.2 万,2019-02-11 21:43:27.368559
264,托加尼,碰到王祖蓝你怎么长高了！...,139.5 万,5617,2418,2019-02-11 21:43:27.368559
265,婚礼囧事(朗易传媒),给老丈母娘笑毛了都…,139.4 万,3.5 万,4.4 万,2019-02-11 21:43:27.368559
266,皮皮虾APP,#皮这一下有几分 #情感...,139.1 万,8744,1.2 万,2019-02-11 21:43:27.368559
267,阳仔刺激战场,好气鸭，大家帮我找到他，...,138.7 万,4.3 万,2.5 万,2019-02-11 21:43:27.368559
268,全,砸我，来啊,138.6 万,3.2 万,2.4 万,2019-02-11 21:43:27.368559
269,羊,#2019春晚看我的 春...,138.6 万,9794,1.2 万,2019-02-11 21:43:27.368559
270,设计师阿爽,上班第一天，看个复式房设...,138.4 万,2.4 万,5.3 万,2019-02-11 21:43:27.368559
271,3D立体字 艺术字,今天我过生日，有同一天的...,138.3 万,3.5 万,10.3 万,2019-02-11 21:43:35.833286
272,げ舞ざ,看，打水漂！！！,138.3 万,2.6 万,6981,2019-02-11 21:43:35.833286
273,平安重庆,现实版的“逼上梁山”…...,137.7 万,5.3 万,3.7 万,2019-02-11 21:43:35.833286
274,Seven,我可能缺一个，一转头就能...,137.7 万,4.5 万,6.4 万,2019-02-11 21:43:35.833286
275,潇湘晨报,张家界，一女子因为感情问...,137.4 万,8.1 万,1.9 万,2019-02-11 21:43:35.833286
276,潘长江,初二开心快乐！@抖音小助...,137.2 万,2.2 万,1.0 万,2019-02-11 21:43:35.833286
277,莫念,#中国好弟弟 弟弟用自己...,137.2 万,3.4 万,3.6 万,2019-02-11 21:43:35.833286
278,三岁很暖,偶然翻到我弟弟的浏览记录...,136.9 万,2.9 万,1.5 万,2019-02-11 21:43:35.833286
279,开心,@开心发了一个抖音短视频...,136.8 万,1.6 万,3.8 万,2019-02-11 21:43:35.833286
280,屁孩儿in大阪,确认过眼神，是很棒的小姐...,136.7 万,1.4 万,1.1 万,2019-02-11 21:43:35.833286
281,vivi周,一刷到@vivi周的抖音...,136.0 万,3.7 万,2.0 万,2019-02-11 21:43:43.506342
282,臻惠源UFO,这个版本没见过吧！这个结...,136.0 万,1.4 万,2.1 万,2019-02-11 21:43:43.506342
283,猫眼剧综团,#薛之谦 粉丝唱得真好听...,135.9 万,9643,3119,2019-02-11 21:43:43.506342
284,小危欧尼,@一只小草莓 我从出生就...,135.8 万,2.0 万,9965,2019-02-11 21:43:43.506342
285,仙女酵母,#搞笑 你的假期余额已不...,135.7 万,7375,2572,2019-02-11 21:43:43.506342
286,酋长,#你的新年猪猪女孩 我的...,135.6 万,2.7 万,2.9 万,2019-02-11 21:43:43.506342
287,晓兑,好看的皮囊千篇一律，@晓...,135.2 万,2.1 万,3.1 万,2019-02-11 21:43:43.506342
288,,找个智障老公哈哈哈#抖...,135.1 万,3.1 万,6.3 万,2019-02-11 21:43:43.506342
289,高露^_^,猪年，诸事顺利！,135.0 万,2.2 万,8851,2019-02-11 21:43:43.506342
290,王鹏宇在努力,小姐姐一开口我这是M哥？...,134.9 万,1.1 万,2238,2019-02-11 21:43:43.506342
291,旺仔妈,熊二突然来我家，宝宝乐开...,134.7 万,1.6 万,1.8 万,2019-02-11 21:43:51.274796
292,十点半浪漫商店,新年将至，今年的最后一点...,134.5 万,1.3 万,4637,2019-02-11 21:43:51.275799
293,楚楚风澄,宝宝还没学会翻身，那一定...,134.1 万,2.3 万,4.7 万,2019-02-11 21:43:51.275799
294,彭十六elf,这个系列怎么能少了#...,134.0 万,1.9 万,2937,2019-02-11 21:43:51.275799
295,杭州潮人榜,对小龙女毫无抵抗力。杭州...,133.8 万,2.9 万,1.1 万,2019-02-11 21:43:51.275799
296,圈内社长,@圈内社长发了一个抖音短...,133.7 万,1.7 万,1.5 万,2019-02-11 21:43:51.275799
297,花锐视觉水下摄影,拍摄解答1、水下摄影在水...,133.6 万,2.6 万,2714,2019-02-11 21:43:51.275799
298,在下铁头阿彪,干脆你们今天都陪我去相亲...,133.3 万,2.7 万,3.9 万,2019-02-11 21:43:51.275799
299,生无可恋,佩奇一家人,133.1 万,2.0 万,1.4 万,2019-02-11 21:43:51.275799
300,双人余,接财神了，祝大家2019...,132.9 万,5.8 万,13.6 万,2019-02-11 21:43:51.275799
301,乐活可儿,当兵五年第一次回家过年的...,132.9 万,3.8 万,1.5 万,2019-02-11 21:43:58.964061
302,沐子．,那些早上放鞭炮的男孩们给...,132.7 万,3.0 万,9152,2019-02-11 21:43:58.964061
303,韩国欧巴钟民,我又做错了...,132.4 万,1.6 万,1.7 万,2019-02-11 21:43:58.964061
304,东君小宇,就在刚才，日本历史上第一...,132.3 万,3.1 万,1.5 万,2019-02-11 21:43:58.964061
305,养真集考古哥,当一只猩猩变成了人，泪奔...,132.3 万,1.1 万,1.2 万,2019-02-11 21:43:58.964061
306,树洞里的M殿,小祖宗们，赶紧接下吧。#...,132.2 万,3.7 万,5.6 万,2019-02-11 21:43:58.964061
307,科技公元,中外大比拼，未来高铁不停...,132.1 万,7.3 万,3.0 万,2019-02-11 21:43:58.964061
308,11,#重庆重庆  笑死我了哈...,131.7 万,3.7 万,3.6 万,2019-02-11 21:43:58.964061
309,淡然一笑,火不火，就看你啦！,131.6 万,2.1 万,9849,2019-02-11 21:43:58.964061
310,么么和哒哒,借用二豆的配音，给大家拜...,131.2 万,1.4 万,6.9 万,2019-02-11 21:43:58.964061
311,zy哲研,#新年好,131.0 万,1.7 万,6.9 万,2019-02-11 21:44:06.236589
312,多余和毛毛姐,论美貌我毛毛绝对是第一哈...,130.9 万,2.8 万,1.1 万,2019-02-11 21:44:06.236589
313,头条正能量,达人秀史上最强反转，女画...,130.8 万,784,7487,2019-02-11 21:44:06.236589
314,宁缺,一口吞,130.6 万,3.1 万,3.7 万,2019-02-11 21:44:06.236589
315,《电商》杂志社,#马云 马云想下辈子当个...,130.6 万,3.6 万,10.8 万,2019-02-11 21:44:06.236589
316,梧桐听雨,这是什么造型！！？太懂事...,130.5 万,2.1 万,1.8 万,2019-02-11 21:44:06.236589
317,你的塑料哥哥,过年我宁可吃泡面也不可以...,130.4 万,3.2 万,2.3 万,2019-02-11 21:44:06.236589
318,警界君,6岁女童不慎落水“95后...,130.4 万,6.8 万,5808,2019-02-11 21:44:06.236589
319,仙女酵母,#搞笑 关于春节，你记忆...,130.2 万,7939,5961,2019-02-11 21:44:06.236589
320,呱唧,#恋爱 家庭条件不一样的...,130.2 万,4.8 万,3.1 万,2019-02-11 21:44:06.236589
321,名侦探小宇,女生一个人在家点外卖时，...,129.9 万,2.4 万,4.1 万,2019-02-11 21:44:13.803983
322,伊伊,本想逗逗我的刘先生，回头...,129.8 万,2.0 万,1.1 万,2019-02-11 21:44:13.803983
323,我是一个小猫猫,这是什么神仙颜值？？,129.8 万,2.4 万,1.9 万,2019-02-11 21:44:13.803983
324,喵小兔漫画（画师七七）,快900w粉了，还记得你...,129.6 万,4413,4079,2019-02-11 21:44:13.803983
325,丶辣条先生,是不是摸到啥得啥的那种？...,129.5 万,3.1 万,5.7 万,2019-02-11 21:44:13.803983
326,随缘,家人团聚过大年，80岁妈...,129.0 万,3.8 万,5.2 万,2019-02-11 21:44:13.803983
327,张柏芝工作室,#拜个抖音年 祝大家新年...,129.0 万,4.6 万,1.3 万,2019-02-11 21:44:13.803983
328,善奇,狗狗吊着包，到处找主人@...,128.8 万,2.3 万,1.5 万,2019-02-11 21:44:13.803983
329,FLIU,过年真是越来越没有年味,128.8 万,3.0 万,7927,2019-02-11 21:44:13.803983
330,斑布猫,#恭喜发财 #迎财神 换...,128.3 万,6.2 万,15.0 万,2019-02-11 21:44:13.803983
331,Bella,新年第一天，门口看见这位...,128.3 万,5.0 万,2730,2019-02-11 21:44:22.819600
332,冯博,又替你们圆了个梦夸我,128.1 万,1.1 万,8072,2019-02-11 21:44:22.819600
333,佳明兄,下班回家后#家 #单身狗...,127.9 万,6.1 万,2.3 万,2019-02-11 21:44:22.819600
334,欣宝吖,晚安,127.8 万,3.5 万,5615,2019-02-11 21:44:22.819600
335,阿汤^.^,大年初二，外婆的三个搞笑...,127.5 万,2.2 万,1.1 万,2019-02-11 21:44:22.819600
336,热夫,满城烟火，新年是新年，该...,127.1 万,6.1 万,8.2 万,2019-02-11 21:44:22.819600
337,時光記憶@,对方是你的通讯好友,126.9 万,6.0 万,5.6 万,2019-02-11 21:44:22.819600
338,被爱的都是祖宗,#抖出最美全家福 我家给...,126.9 万,3.9 万,4.4 万,2019-02-11 21:44:22.820599
339,车手   AF.,死亡之吻能火吗？,126.3 万,1.6 万,9872,2019-02-11 21:44:22.820599
340,文哥手机玩摄影,#夜景拍摄技巧 @抖音小...,126.3 万,1.5 万,5.8 万,2019-02-11 21:44:22.820599
341,是小桐没错了,人生如梨,126.1 万,3.2 万,12.0 万,2019-02-11 21:44:30.694116
342,已重置,网红大叔要回家了,126.0 万,1.3 万,5706,2019-02-11 21:44:30.694116
343,浩子木,大年初三来欢乐谷，碰到一...,125.9 万,2.6 万,2.3 万,2019-02-11 21:44:30.694116
344,咬我一口呀,好看的皮囊千篇一律，@咬...,125.3 万,2.1 万,8948,2019-02-11 21:44:30.694116
345,wangliqiqi,趁老婆午休时帮老婆整理了...,125.2 万,8.1 万,12.3 万,2019-02-11 21:44:30.694116
346,抖音小助手,分五亿的最后机会来了！春...,125.2 万,4.6 万,3.3 万,2019-02-11 21:44:30.694116
347,梦之星魂,后续来了，最后飞起来了...,125.0 万,1.0 万,9333,2019-02-11 21:44:30.694116
348,乐乐啊,锦州版b-box#锦州话...,124.8 万,9977,1.0 万,2019-02-11 21:44:30.694116
349,Edinburgh°,谁的吖被狗吃了,124.8 万,1.5 万,2.5 万,2019-02-11 21:44:30.694116
350,云岭铁壹号,明天就大年三十，昨天把宝...,124.7 万,3.5 万,3302,2019-02-11 21:44:30.694116
351,237星宸,#回村前后的爱豆 回村前...,124.0 万,1.3 万,1.5 万,2019-02-11 21:44:42.049771
352,阿里巴巴,我请来马老师，只想祝你们...,123.5 万,6.2 万,6.2 万,2019-02-11 21:44:42.049771
353,杨玉环,#接住这颗鸿运球 @抖音...,123.5 万,4.0 万,6529,2019-02-11 21:44:42.049771
354,娱乐大爆炸V,去往杭州西湖的路上居然偶...,123.0 万,2.4 万,2704,2019-02-11 21:44:42.049771
355,I 諾|_訁爱,#伤过伤的心 啊啊啊 伤...,122.9 万,1.1 万,3405,2019-02-11 21:44:42.049771
356,小馒头,鎏英，喜欢点亮明天想看...,122.2 万,4.2 万,8442,2019-02-11 21:44:42.049771
357,柚子cici酱,大年初四的相亲对象有些奇...,122.0 万,1.9 万,6695,2019-02-11 21:44:42.049771
358,Sweekiy,小肥猫：我在哪我是谁我要...,121.6 万,2.9 万,2.7 万,2019-02-11 21:44:42.049771
359,大莎,刚刚落地韩国机场，这...,121.6 万,4.4 万,4.6 万,2019-02-11 21:44:42.049771
360,龙先生,我来自广东汕头，94年出...,121.4 万,4.1 万,4272,2019-02-11 21:44:42.049771
361,榆林传媒中心（榆林日报、榆林广播电视台）,色盲的人往往不知道自己是...,121.0 万,3.0 万,1.7 万,2019-02-11 21:44:49.788880
362,金毛_艾迪,新年快乐,120.7 万,1.3 万,1.6 万,2019-02-11 21:44:49.788880
363,麻辣德子,家庭版拔丝香蕉教程，感谢,120.0 万,1.6 万,2.6 万,2019-02-11 21:44:49.788880
364,彭十六elf,瞧这笑容 像极了爱情,119.9 万,2.6 万,8126,2019-02-11 21:44:49.788880
365,大凯很努力,祝愿天下老人都能够长命百...,119.8 万,8422,2.0 万,2019-02-11 21:44:49.788880
366,爽宝耶,昨天奶奶拍的热了，今天爷...,119.8 万,2.3 万,6952,2019-02-11 21:44:49.788880
367,张嘉琪的搞笑一家人,全家贴春联，结果把钥匙锁...,119.8 万,4.9 万,3.0 万,2019-02-11 21:44:49.788880
368,一颗小酒,咳咳，内个……我想要你的...,119.6 万,1.0 万,1.6 万,2019-02-11 21:44:49.788880
369,大小顺亲妈,#接住这颗鸿运球 #拜个...,119.3 万,1.1 万,1.9 万,2019-02-11 21:44:49.788880
370,心心老师,听说发第二遍会火#语文...,119.0 万,1.9 万,15.6 万,2019-02-11 21:44:49.788880
371,老茶,当你没有尺子@抖音小助手,119.0 万,2.3 万,7554,2019-02-11 21:44:58.200265
372,刀鱼  九连环,#藏福 鲁班球(升级版）...,118.3 万,2.4 万,1.6 万,2019-02-11 21:44:58.200265
373,美少女壮士爽哥,暗藏小心思的香香好物,118.1 万,6841,5.8 万,2019-02-11 21:44:58.200265
374,思创,我对钱没兴趣，我只对花钱...,117.9 万,2.5 万,6.7 万,2019-02-11 21:44:58.200265
375,.福妹妹の妈,（大哥）你真的是一个戏精...,117.7 万,2.3 万,6.5 万,2019-02-11 21:44:58.200265
376,萍,大年初三，来个要饭的说想...,117.6 万,5.7 万,1.1 万,2019-02-11 21:44:58.200265
377,刺激战场 诺林,#绝地求生刺激战场 #抖...,117.4 万,1.6 万,3.9 万,2019-02-11 21:44:58.200265
378,At  a  loss,#镜框里的表情包 #支付...,117.4 万,1.7 万,5.5 万,2019-02-11 21:44:58.200265
379,龙卷风,打牌回来被堵门口了,117.3 万,1.5 万,3.8 万,2019-02-11 21:44:58.200265
380,小霸王,今天就四个动作啊！大叔你...,117.2 万,1.1 万,1.8 万,2019-02-11 21:44:58.200265
381,王晶晶.,大佬们帮我配个可以搭得上...,117.0 万,4.0 万,1.7 万,2019-02-11 21:45:06.036889
382,翘丫头,哥哥嫂嫂家的阳台！生机勃...,117.0 万,2.8 万,11.0 万,2019-02-11 21:45:06.036889
383,郭先生,在家玩藏猫猫，笑死我了,116.7 万,2.0 万,3.0 万,2019-02-11 21:45:06.036889
384,人民日报,吃了一口饭，老兵泪奔！“...,116.7 万,6.6 万,2.5 万,2019-02-11 21:45:06.036889
385,惠子ssica,祝我的1888w粉丝宝贝...,116.7 万,3.4 万,2091,2019-02-11 21:45:06.036889
386,不明觉厉,兔兔辣么可爱。怎么能吃兔...,116.2 万,3.7 万,1.9 万,2019-02-11 21:45:06.036889
387,好好昊先生,咱俩都是王者峡谷的英雄啊...,115.8 万,2.0 万,1.1 万,2019-02-11 21:45:06.036889
388,多余和毛毛姐,#谁的歌声锁定我 快来唱...,115.4 万,2.6 万,8316,2019-02-11 21:45:06.036889
389,文杰本人,祝大家新年快乐 恭喜发财...,115.4 万,6264,1.4 万,2019-02-11 21:45:06.036889
390,Zx穆哲熙,这个抢麦的小哥哥是谁！！...,115.3 万,2.1 万,4010,2019-02-11 21:45:06.036889
391,大师说车,如果你的方向盘忽轻忽重 ...,115.3 万,1.1 万,5.0 万,2019-02-11 21:45:13.686989
392,慧慧周,#流浪地球 回家路上，顺...,115.3 万,2.9 万,2.1 万,2019-02-11 21:45:13.686989
393,毕生所爱,妹妹400公里回家，饮料...,115.2 万,2.6 万,1.6 万,2019-02-11 21:45:13.686989
394,优宠优购宠物,#哈士奇 不一样的哈士奇...,115.0 万,3.0 万,1.5 万,2019-02-11 21:45:13.686989
395,·格格,#抖音小助手,114.5 万,4.5 万,1.4 万,2019-02-11 21:45:13.686989
396,之昊will,假如男生的事女生都懂…@...,114.4 万,1.3 万,6606,2019-02-11 21:45:13.686989
397,鬼哥,有谁知道这是什么车啊！怎...,114.1 万,2.7 万,1.2 万,2019-02-11 21:45:13.686989
398,汏 懶  蟲,我也是醉了,114.1 万,1.5 万,2.4 万,2019-02-11 21:45:13.686989
399,猪小屁,两人青铜对付一个王者，最...,114.0 万,9198,5.9 万,2019-02-11 21:45:13.686989
400,惠子ssica,我的1888万粉丝宝贝儿...,114.0 万,3.3 万,2955,2019-02-11 21:45:13.686989
401,娱乐圈小辣椒,沈腾考科目二 直接让教练...,113.9 万,9783,1.4 万,2019-02-11 21:45:21.099315
402,科技公元,不愧是战斗民族，发明出来...,113.6 万,5.1 万,2.6 万,2019-02-11 21:45:21.099315
403,AG超玩会梦泪,#王者荣耀 #假期游戏日...,113.5 万,1.2 万,1.4 万,2019-02-11 21:45:21.099315
404,莫失.莫忘,我们家大傻子，不让小朋友...,113.4 万,1.5 万,1.5 万,2019-02-11 21:45:21.099315
405,侃片张公子,你们要的X战警观影顺序，...,113.4 万,5645,4.3 万,2019-02-11 21:45:21.099315
406,艾米,听说先用红酒把鱼灌醉，再...,113.1 万,6.1 万,5.4 万,2019-02-11 21:45:21.099315
407,王者小信,啊？就想俏咪咪反个蓝！#...,113.0 万,1.0 万,4.1 万,2019-02-11 21:45:21.099315
408,彭十六的日常,瞧这笑容 像极了爱情@彭...,112.9 万,2.1 万,4418,2019-02-11 21:45:21.099315
409,彭十六elf,都初二了，你准备什么时候...,112.8 万,2.2 万,8006,2019-02-11 21:45:21.099315
410,芜湖-啊亮,这就是所谓的上门女婿每...,112.6 万,6.9 万,7579,2019-02-11 21:45:21.099315
411,卢晶,呐喊喷泉：小警笛,112.5 万,3.0 万,1.8 万,2019-02-11 21:45:28.693235
412,周星驰导演作品,“周星驰式”毒鸡汤，我先...,112.4 万,1.5 万,7593,2019-02-11 21:45:28.693235
413,李夏天,当我们家老太太搓麻将回来...,112.0 万,1.9 万,8757,2019-02-11 21:45:28.693235
414,壁咚大明星,#娄艺潇 哈哈哈哈哈哈哈...,111.9 万,2.7 万,7.1 万,2019-02-11 21:45:28.693235
415,蓝胖子,你努力过吗？@抖音小助手,111.8 万,1.9 万,1.6 万,2019-02-11 21:45:28.693235
416,脸姐,嘘！悄悄点开@脸姐这个抖...,111.8 万,3.3 万,2.7 万,2019-02-11 21:45:28.693235
417,…莉娜,这条小猪好配合，让我顺利...,111.8 万,2.9 万,7.0 万,2019-02-11 21:45:28.693235
418,瘦小离家老大肥,这孩子哭了一个多小时，她...,111.7 万,6.1 万,4.8 万,2019-02-11 21:45:28.693235
419,姜茶,#沙雕沙雕沙雕 这都些什...,111.5 万,3.7 万,4.2 万,2019-02-11 21:45:28.693235
420,海陆空旅游文化,#2019 #暴富暴富暴...,111.5 万,1.7 万,3.2 万,2019-02-11 21:45:28.693235
421,唯酱的配音时间,：新年快乐，恭喜发财，...,111.0 万,9533,1.0 万,2019-02-11 21:45:36.614559
422,朴鸣piaoming,韩国人看抖音上火的视频...,110.9 万,1.5 万,3716,2019-02-11 21:45:36.614559
423,厨娘小木（美食）,正月家里来客人了，做这道...,110.7 万,1.9 万,14.5 万,2019-02-11 21:45:36.614559
424,蔡萝莉,话不多说 小蔡蔡祝大家新...,110.5 万,1.7 万,2597,2019-02-11 21:45:36.614559
425,抖音哥,老婆来了几个男同学，让我...,110.5 万,3.7 万,3.1 万,2019-02-11 21:45:36.614559
426,多余和毛毛姐,天涯何处无芳草，男友不如...,110.4 万,1.7 万,1.1 万,2019-02-11 21:45:36.614559
427,六六和九九,剧情总不会按照你的剧本走...,110.4 万,2.4 万,3.5 万,2019-02-11 21:45:36.614559
428,李益达,你们要的#张艺兴 题材只...,110.4 万,5.6 万,3881,2019-02-11 21:45:36.614559
429,欣宇Heunwoo,携手我的大头火祝你们新年...,110.3 万,7543,2.4 万,2019-02-11 21:45:36.614559
430,阿纯（全网男女通用脸）,把这三位女神发给你的朋友...,110.0 万,4.8 万,2.3 万,2019-02-11 21:45:36.614559
431,若谷,遇到这种散发魅力的姑娘 ...,109.3 万,1.7 万,4914,2019-02-11 21:45:44.245346
432,魏总和她的奇葩职员,请用4个字来表达对这个结...,109.3 万,1.4 万,2490,2019-02-11 21:45:44.245346
433,畅哥,过年没得吃了，你们说是...,109.0 万,2.2 万,6.8 万,2019-02-11 21:45:44.245346
434,jhhvy478,效果太好，拍摄时间太短...,109.0 万,1.0 万,2.9 万,2019-02-11 21:45:44.245346
435,胃病患者,@胃病患者发了一个抖音短...,108.9 万,1.4 万,3.0 万,2019-02-11 21:45:44.245346
436,爱笑熊～（130斤逆袭到96斤）,我奶奶今年93岁了，如果...,108.7 万,2.8 万,530,2019-02-11 21:45:44.245346
437,PANDAPIA,苹果和孩子谁重要？,108.6 万,4.4 万,5.4 万,2019-02-11 21:45:44.245346
438,草莓,等了两天终于等到小姑来家...,108.3 万,2.0 万,4592,2019-02-11 21:45:44.245346
439,.喜歡,2019一起变好看,108.2 万,2.4 万,1.7 万,2019-02-11 21:45:44.245346
440,韩饭饭,想带点年货回娘家，婆婆竟...,107.5 万,1.8 万,6171,2019-02-11 21:45:44.245346
441,潘长江,哈哈哈昨晚春晚下来到家，...,107.3 万,2.0 万,5515,2019-02-11 21:45:52.074476
442,娱乐八卦奈小妹,沙雕电视欢乐多，第三十七...,107.2 万,4791,5463,2019-02-11 21:45:52.074476
443,张大仙,关于胖瘦的合理解释，你们...,106.9 万,2.2 万,8.4 万,2019-02-11 21:45:52.074476
444,星冠水景,废旧的东西动动手，也会变...,106.0 万,2.4 万,1.3 万,2019-02-11 21:45:52.074476
445,苏咪喵喵miao,最幸福的一个生日睡醒就...,105.8 万,4.9 万,1.6 万,2019-02-11 21:45:52.074476
446,南昌广播电视台,#那些过年不能回家的人 ...,105.8 万,2.5 万,6620,2019-02-11 21:45:52.074476
447,爆笑虫子,《爆笑虫子》之堆积木，告...,105.8 万,7970,1.7 万,2019-02-11 21:45:52.074476
448,gogokid英语星球,弟弟还有两秒到达现场！！...,105.5 万,9921,1.8 万,2019-02-11 21:45:52.074476
449,枳度,不要轻易尝试换脸特效...,105.2 万,3.5 万,2.2 万,2019-02-11 21:45:52.074476
450,飞扬,拒绝几千万订单，十元作画...,105.2 万,1.8 万,4064,2019-02-11 21:45:52.074476
451,Wuli小彤彤,#新年快乐 哼，跟姐姐斗...,105.2 万,7579,7790,2019-02-11 21:45:59.741840
452,最强心理学,把这些心理学技巧可以用到...,105.0 万,3705,1.9 万,2019-02-11 21:45:59.741840
453,天津市南开区渔家灯火饭店,#过年放个橘子鞭炮 @抖...,104.9 万,2.5 万,9.4 万,2019-02-11 21:45:59.741840
454,熊爷,给我32.3亿粉丝拜年了...,104.8 万,1.3 万,3.2 万,2019-02-11 21:45:59.741840
455,动画声工厂,盘点一下动漫里的神奇操作...,104.6 万,1.4 万,2.5 万,2019-02-11 21:45:59.741840
456,是个鸡爪,对于一直纵容熊孩子的亲戚...,104.4 万,7038,3657,2019-02-11 21:45:59.741840
457,Bling,我是这个系列里最特别的...,104.3 万,1.2 万,2574,2019-02-11 21:45:59.741840
458,悦悦的观察日记,男人都是大猪蹄子，要想争...,104.0 万,2.4 万,4608,2019-02-11 21:45:59.741840
459,冻柿子,我儿子也不配合我啊,104.0 万,1.1 万,1403,2019-02-11 21:45:59.741840
460,Zhuac,我爸太可爱了吧,103.7 万,2.5 万,3.0 万,2019-02-11 21:45:59.741840
461,张大仙,有谁知道“向日葵猛回头”...,103.5 万,1.6 万,1.7 万,2019-02-11 21:46:07.387280
462,厨娘小木（美食）,家里来的客人吃了我做的麻...,103.5 万,1.5 万,12.4 万,2019-02-11 21:46:07.387280
463,杰克大魔王,看完一部火影需要多久？#...,103.4 万,1.4 万,4.3 万,2019-02-11 21:46:07.387280
464,jick,笑的肚子疼！哈哈哈魔性,103.4 万,3.0 万,7.2 万,2019-02-11 21:46:07.387280
465,杨玉环,选我，我超甜#你的新年猪...,103.3 万,3.0 万,1.1 万,2019-02-11 21:46:07.387280
466,靠手艺吃饭,@靠手艺吃饭发了一个抖音...,103.2 万,4.0 万,6349,2019-02-11 21:46:07.387280
467,UBabi,新年快乐，拜年要有仪式...,103.2 万,1.5 万,1.0 万,2019-02-11 21:46:07.387280
468,清风徐来,@清风徐来 发了一个抖音...,103.1 万,2.4 万,8168,2019-02-11 21:46:07.387280
469,"""有本事放学别走",大年三十，他就这样整整站...,103.1 万,1.3 万,517,2019-02-11 21:46:07.387280
470,安安,离婚三年的我，瘦了四十斤...,102.8 万,3.0 万,796,2019-02-11 21:46:07.387280
471,丁丁,看见我的人都发财，祝愿大...,102.8 万,2.9 万,16.8 万,2019-02-11 21:46:14.626651
472,牛油果味道的少女,#李钟硕 突然发现二硕也...,102.8 万,1.1 万,1.4 万,2019-02-11 21:46:14.626651
473,wuli设计姐,馋哭隔壁小孩的女儿房设计...,102.7 万,6151,1.4 万,2019-02-11 21:46:14.626651
474,孙行者,愿你笑容如烟花般绽放#...,102.4 万,1.9 万,2.6 万,2019-02-11 21:46:14.626651
475,文杰本人,我猜歌的样子像极了爱情@...,102.4 万,6610,8696,2019-02-11 21:46:14.626651
476,罗曼ONLY,我妈问你初几来我家  再...,102.0 万,4.4 万,1.6 万,2019-02-11 21:46:14.626651
477,佩奇妈妈,被儿子吵了一天要拍佩奇一...,101.9 万,1.6 万,1.9 万,2019-02-11 21:46:14.626651
478,杨桐ToareyYang,happy new ye...,101.9 万,1.5 万,1.7 万,2019-02-11 21:46:14.626651
479,开心果,希望看到了别打我,101.9 万,6.1 万,7.9 万,2019-02-11 21:46:14.626651
480,彤彤,完了我的小心心再也不干净...,101.9 万,1.5 万,1.5 万,2019-02-11 21:46:14.626651
481,胡集运输大酒店_,九十岁的婆婆在给七十岁的...,101.9 万,1.4 万,5329,2019-02-11 21:46:21.690730
482,养一只月亮吧,真想赤脚跑过去～,101.8 万,2.4 万,1.1 万,2019-02-11 21:46:21.690730
483,李益达,你们要的#李荣浩  今天...,101.6 万,3.8 万,3037,2019-02-11 21:46:21.690730
484,保洁王二姐,手机迷的傻老婆，想提醒一...,101.5 万,1.3 万,4.8 万,2019-02-11 21:46:21.690730
485,文杰本人,我猜歌的样子像极了爱情～...,101.3 万,4361,7580,2019-02-11 21:46:21.690730
486,苏龙,105岁的姥姥过年还给女...,101.3 万,3.4 万,1.6 万,2019-02-11 21:46:21.690730
487,村口电视指南,#何炅 #马丽 分手第三...,101.3 万,1.3 万,3.7 万,2019-02-11 21:46:21.690730
488,信口开饭,#过年前后的你 #信口开...,101.2 万,4643,2260,2019-02-11 21:46:21.690730
489,悟空闹电影,爱情喜剧《约会电影》完整...,101.0 万,6527,7334,2019-02-11 21:46:21.690730
490,繁花世界,每天给大家解锁新图案,101.0 万,1.2 万,7225,2019-02-11 21:46:21.690730
491,,有钱说话底气都特别足！！...,100.9 万,7450,1.9 万,2019-02-11 21:46:29.113004
492,仙女酵母,#搞笑 你知道过年为什么...,100.7 万,5375,2481,2019-02-11 21:46:29.113004
493,林轩成啊,你结婚我就不去了#最后的...,100.7 万,1.7 万,8398,2019-02-11 21:46:29.113004
494,王者荣耀许多,全网给我寻找这个出卖队友...,100.4 万,2.8 万,2.1 万,2019-02-11 21:46:29.113004
495,忠橙卫士,乃夫，回家了 ,100.3 万,3.9 万,3644,2019-02-11 21:46:29.113004
496,温暖,把舅舅舅妈吓着了,100.1 万,5839,2.6 万,2019-02-11 21:46:29.113004
497,乔乐思密达,你看这中国式教育像极了....,99.8 万,1.6 万,5949,2019-02-11 21:46:29.113004
498,央视新闻,今年是冯巩33年来首次缺...,99.7 万,2.4 万,9447,2019-02-11 21:46:29.113004
499,韩饭饭,这是高手，哈哈哈！@王小...,99.5 万,6494,8924,2019-02-11 21:46:29.113004
500,及時行樂,回农村的样子像极了爱情#...,99.5 万,2.6 万,2.1 万,2019-02-11 21:46:29.113004
